Edu_district,City,County
Abc Unified School District,Cerritos,Los Angeles
Acalanes Union High School District,Lafayette,Contra Costa
Ackerman Charter School District,Auburn,Placer
Acton-Agua Dulce Unified School District,Acton,Los Angeles
Adelanto Elementary School District,Adelanto,San Bernardino
Alameda County Office of Education,Hayward,Alameda
Alameda Unified School District,Alameda,Alameda
Albany City Unified School District,Albany,Alameda
Alexander Valley Union Elementary School District,Healdsburg,Sonoma
Alhambra Unified School District,Alhambra,Los Angeles
Alisal Union School District,Salinas,Monterey
Allensworth Elementary School District,Allensworth,Tulare
Alpaugh Unified School District,Alpaugh,Tulare
Alpine County Office Of Education School District,Markleeville,Alpine
Alpine County Unified School District,Markleeville,Alpine
Alpine Union Elementary School District,Alpine,San Diego
Alta Loma Elementary School District,Alta Loma,San Bernardino
Alta Vista Elementary School District,Porterville,Tulare
Alta-Dutch Flat Union Elementary School District,Alta,Placer
Alum Rock Union Elementary School District,San Jose,Santa Clara
Alview-Dairyland Union Elementary School District,Chowchilla,Madera
Alvina Elementary School District,Caruthers,Fresno
Alvord Unified School District,Corona,Riverside
Amador County Office Of Education School District,Jackson,Amador
Amador County Rop School District,Jackson,Amador
Amador County Unified School District,Jackson,Amador
Anaheim Elementary School District,Anaheim,Orange
Anaheim Union High School District,Anaheim,Orange
Anderson Union High School District,Anderson,Shasta
Anderson Valley Unified School District,Boonville,Mendocino
Antelope Elementary School District,Red Bluff,Tehama
Antelope Valley Rop School District,Palmdale,Los Angeles
Antelope Valley Union High School District,Lancaster,Los Angeles
Antioch Unified School District,Antioch,Contra Costa
Apple Valley Unified School District,Apple Valley,San Bernardino
Arcadia Unified School District,Arcadia,Los Angeles
Arcata Elementary School District,Arcata,Humboldt
Arcohe Union Elementary School District,Herald,Sacramento
Arena Union Elementary School District,Point Arena,Mendocino
Armona Union Elementary School District,Armona,Kings
Aromas - San Juan Unified School District,San Juan Bautista,San Benito
Arvin Union School District,Arvin,Kern
Atascadero Unified School District,Atascadero,San Luis Obispo
Atwater Elementary School District,Atwater,Merced
Auburn Union Elementary School District,Auburn,Placer
Azusa Unified School District,Azusa,Los Angeles
Baker Valley Unified School District,Baker,San Bernardino
Bakersfield City School District,Bakersfield,Kern
Baldwin Park Unified School District,Baldwin Park,Los Angeles
Baldy View Rop School District,Ontario,San Bernardino
Ballard Elementary School District,Solvang,Santa Barbara
Ballico-Cressey Elementary School District,Ballico,Merced
Bangor Union Elementary School District,Bangor,Butte
Banning Unified School District,Banning,Riverside
Banta Elementary School District,Tracy,San Joaquin
Barstow Unified School District,Barstow,San Bernardino
Bass Lake Joint Union Elementary School District,Oakhurst,Madera
Bassett Unified School District,La Puente,Los Angeles
Bayshore Elementary School District,Daly City,San Mateo
Bear Valley Unified School District,Big Bear Lake,San Bernardino
Beardsley Elementary School District,Bakersfield,Kern
Beaumont Unified School District,Beaumont,Riverside
Bella Vista Elementary School District,Bella Vista,Shasta
Belleview Elementary School District,Sonora,Tuolumne
Bellevue Union School District,Santa Rosa,Sonoma
Bellflower Unified School District,Bellflower,Los Angeles
Belmont-Redwood Shores Elementary School District,Belmont,San Mateo
Belridge Elementary School District,Mckittrick,Kern
Benicia Unified School District,Benicia,Solano
Bennett Valley Union Elementary School District,Santa Rosa,Sonoma
Berkeley Unified School District,Berkeley,Alameda
Berryessa Union Elementary School District,San Jose,Santa Clara
Beverly Hills Unified School District,Beverly Hills,Los Angeles
Big Creek Elementary School District,Big Creek,Fresno
Big Lagoon Union Elementary School District,Trinidad,Humboldt
Big Oak Flat-Groveland Unified School District,Groveland,Tuolumne
Big Pine Unified School District,Big Pine,Inyo
Big Springs Union Elementary School District,Montague,Siskiyou
Big Sur Unified School District,Big Sur,Monterey
Big Valley Joint Unified School District,Bieber,Lassen
Biggs Unified School District,Biggs,Butte
Bishop Unified School District,Bishop,Inyo
Bitterwater-Tully Elementary School District,King City,San Benito
Black Butte Union Elementary School District,Shingletown,Shasta
Black Oak Mine Unified School District,Georgetown,El Dorado
Blake Elementary School District,Woody,Kern
Blochman Union Elementary School District,Santa Maria,Santa Barbara
Blue Lake Union Elementary School District,Blue Lake,Humboldt
Bogus Elementary School District,Montague,Siskiyou
Bolinas-Stinson Union School District,Bolinas,Marin
Bonita Unified School District,San Dimas,Los Angeles
Bonny Doon Union Elementary School District,Santa Cruz,Santa Cruz
Bonsall Unified School District,Bonsall,San Diego
Borrego Springs Unified School District,Borrego Springs,San Diego
Bradley Union Elementary School District,Bradley,Monterey
Brawley Elementary School District,Brawley,Imperial
Brawley Union High School District,Brawley,Imperial
Brea-Olinda Unified School District,Brea,Orange
Brentwood Union Elementary School District,Brentwood,Contra Costa
Bret Harte Union High School District,Angels Camp,Calaveras
Bridgeville Elementary School District,Bridgeville,Humboldt
Briggs Elementary School District,Santa Paula,Ventura
Brisbane Elementary School District,Brisbane,San Mateo
Brittan Elementary School District,Sutter,Sutter
Browns Elementary School District,Rio Oso,Sutter
Buckeye Union Elementary School District,El Dorado Hills,El Dorado
Buellton Union Elementary School District,Buellton,Santa Barbara
Buena Park Elementary School District,Buena Park,Orange
Buena Vista Elementary School District,Tulare,Tulare
Burbank Unified School District,Burbank,Los Angeles
Burlingame Elementary School District,Burlingame,San Mateo
Burnt Ranch Elementary School District,Burnt Ranch,Trinity
Burrel Union Elementary School District,Riverdale,Fresno
Burton Elementary School District,Porterville,Tulare
Butte County Office Of Education School District,Oroville,Butte
Butte County Rop School District,Chico,Butte
Butte Valley Unified School District,Dorris,Siskiyou
Butteville Union Elementary School District,Weed,Siskiyou
Buttonwillow Union Elementary School District,Buttonwillow,Kern
Byron Union Elementary School District,Byron,Contra Costa
Cabrillo Unified School District,Half Moon Bay,San Mateo
Cajon Valley Union School District,El Cajon,San Diego
Calaveras County Office Of Education School District,Angels Camp,Calaveras
Calaveras Unified School District,San Andreas,Calaveras
Calexico Unified School District,Calexico,Imperial
Caliente Union Elementary School District,Caliente,Kern
California Advancing Pathways For Students In Los Angeles County Roc P School District,Bellflower,Los Angeles
California School For The Blind (State Special Schl) School District,Fremont,Alameda
California School For The Deaf-Fremont (State Special Schl) School District,Fremont,Alameda
California School For The Deaf-Riverside (State Special Schl) School District,Riverside,Riverside
Calipatria Unified School District,Calipatria,Imperial
Calistoga Joint Unified School District,Calistoga,Napa
Cambrian School District,San Jose,Santa Clara
Camino Union Elementary School District,Camino,El Dorado
Campbell Union High School District,San Jose,Santa Clara
Campbell Union School District,Campbell,Santa Clara
Camptonville Elementary School District,Camptonville,Yuba
Canyon Elementary School District,Canyon,Contra Costa
Capay Joint Union Elementary School District,Orland,Glenn
Capistrano Unified School District,San Juan Capistrano,Orange
Capistrano-Laguna Beach Rop,San Juan Capistrano,Orange
Cardiff Elementary School District,Cardiff-By-The-Sea,San Diego
Carlsbad Unified School District,Carlsbad,San Diego
Carmel Unified School District,Carmel,Monterey
Carpinteria Unified School District,Carpinteria,Santa Barbara
Caruthers Unified School District,Caruthers,Fresno
Cascade Union Elementary School District,Anderson,Shasta
Castaic Union School District,Valencia,Los Angeles
Castle Rock Union Elementary School District,Castella,Shasta
Castro Valley Unified School District,Castro Valley,Alameda
Cayucos Elementary School District,Cayucos,San Luis Obispo
Center Joint Unified School District,Antelope,Sacramento
Centinela Valley Union High School District,Lawndale,Los Angeles
Central Elementary School District,Rancho Cucamonga,San Bernardino
Central Orange County Cte Partnership (Ctep) School District,Costa Mesa,Orange
Central Sierra Rop School District,Placerville,El Dorado
Central Unified School District,Fresno,Fresno
Central Union Elementary School District,Lemoore,Kings
Central Union High School District,El Centro,Imperial
Centralia Elementary School District,Buena Park,Orange
Ceres Unified School District,Ceres,Stanislaus
Chaffey Joint Union High School District,Ontario,San Bernardino
Charter Oak Unified School District,Covina,Los Angeles
Chatom Union School District,Turlock,Stanislaus
Chawanakee Unified School District,O'Neals,Madera
Chicago Park Elementary School District,Grass Valley,Nevada
Chico Unified School District,Chico,Butte
Chino Valley Unified School District,Chino,San Bernardino
Chowchilla Elementary School District,Chowchilla,Madera
Chowchilla Union High School District,Chowchilla,Madera
Chualar Union School District,Chualar,Monterey
Chula Vista Elementary School District,Chula Vista,San Diego
Cienega Union Elementary School District,Hollister,San Benito
Cinnabar Elementary School District,Petaluma,Sonoma
Claremont Unified School District,Claremont,Los Angeles
Clay Joint Elementary School District,Kingsburg,Fresno
Clear Creek Elementary School District,Grass Valley,Nevada
Cloverdale Unified School District,Cloverdale,Sonoma
Clovis Unified School District,Clovis,Fresno
Coachella Valley Unified School District,Thermal,Riverside
Coalinga-Huron Unified School District,Coalinga,Fresno
Coast Unified School District,Cambria,San Luis Obispo
Coastline Rop School District,Costa Mesa,Orange
Coffee Creek Elementary School District,Coffee Creek,Trinity
Cold Spring Elementary School District,Santa Barbara,Santa Barbara
Colfax Elementary School District,Colfax,Placer
College Elementary School District,Santa Ynez,Santa Barbara
Colton Joint Unified School District,Colton,San Bernardino
Colton-Redlands-Yucaipa Rop School District,Redlands,San Bernardino
Columbia Elementary School District,Redding,Shasta
Columbia Union School District,Columbia,Tuolumne
Columbine Elementary School District,Delano,Tulare
Colusa County Office Of Education School District,Colusa,Colusa
Colusa Unified School District,Colusa,Colusa
Compton Unified Rop School District,Compton,Los Angeles
Compton Unified School District,Compton,Los Angeles
Conejo Valley Unified School District,Thousand Oaks,Ventura
Contra Costa County Office Of Education School District,Pleasant Hill,Contra Costa
Contra Costa County Rop School District,Pleasant Hill,Contra Costa
Corcoran Joint Unified School District,Corcoran,Kings
Corning Union Elementary School District,Corning,Tehama
Corning Union High School District,Corning,Tehama
Corona-Norco Unified School District,Norco,Riverside
Coronado Unified School District,Coronado,San Diego
Cotati-Rohnert Park Unified School District,Rohnert Park,Sonoma
Cottonwood Union Elementary School District,Cottonwood,Shasta
Covina-Valley Unified School District,Covina,Los Angeles
Cucamonga Elementary School District,Rancho Cucamonga,San Bernardino
Cuddeback Union Elementary School District,Carlotta,Humboldt
Culver City Unified School District,Culver City,Los Angeles
Cupertino Union School District,Sunnyvale,Santa Clara
Curtis Creek Elementary School District,Sonora,Tuolumne
Cutler-Orosi Joint Unified School District,Orosi,Tulare
Cutten Elementary School District,Eureka,Humboldt
Cuyama Joint Unified School District,New Cuyama,Santa Barbara
Cypress Elementary School District,Cypress,Orange
Davis Joint Unified School District,Davis,Yolo
Death Valley Unified School District,Shoshone,Inyo
Dehesa Elementary School District,El Cajon,San Diego
Del Mar Union Elementary School District,San Diego,San Diego
Del Norte County Office Of Education School District,Crescent City,Del Norte
Del Norte County Rop School District,Crescent City,Del Norte
Del Norte County Unified School District,Crescent City,Del Norte
Delano Joint Union High School District,Delano,Kern
Delano Union Elementary School District,Delano,Kern
Delhi Unified School District,Delhi,Merced
Delphic Elementary School District,Montague,Siskiyou
Denair Unified School District,Denair,Stanislaus
Desert Center Unified School District,Desert Center,Riverside
Desert Sands Unified School District,La Quinta,Riverside
Di Giorgio Elementary School District,Arvin,Kern
Dinuba Unified School District,Dinuba,Tulare
Dixie Elementary School District,San Rafael,Marin
Dixon Unified School District,Dixon,Solano
Dos Palos Oro Loma Joint Unified School District,Dos Palos,Merced
Douglas City Elementary School District,Douglas City,Trinity
Downey Unified School District,Downey,Los Angeles
Dry Creek Joint Elementary School District,Roseville,Placer
Duarte Unified School District,Duarte,Los Angeles
Dublin Unified School District,Dublin,Alameda
Ducor Union Elementary School District,Ducor,Tulare
Dunham Elementary School District,Petaluma,Sonoma
Dunsmuir Elementary School District,Dunsmuir,Siskiyou
Dunsmuir Joint Union High School District,Dunsmuir,Siskiyou
Durham Unified School District,Durham,Butte
Earlimart Elementary School District,Earlimart,Tulare
East Nicolaus Joint Union High School District,Nicolaus,Sutter
East San Gabriel Valley Rop School District,West Covina,Los Angeles
East Side Union High School District,San Jose,Santa Clara
East Whittier City Elementary School District,Whittier,Los Angeles
Eastern Sierra Unified School District,Bridgeport,Mono
Eastside Union Elementary School District,Lancaster,Los Angeles
Eden Area Rop School District,Hayward,Alameda
Edison Elementary School District,Bakersfield,Kern
El Centro Elementary School District,El Centro,Imperial
El Dorado County Office Of Education School District,Placerville,El Dorado
El Dorado Union High School District,Placerville,El Dorado
El Monte City School District,El Monte,Los Angeles
El Monte Union High School District,El Monte,Los Angeles
El Nido Elementary School District,El Nido,Merced
El Rancho Unified School District,Pico Rivera,Los Angeles
El Segundo Unified School District,El Segundo,Los Angeles
El Tejon Unified School District,Lebec,Kern
Elk Grove Unified School District,Elk Grove,Sacramento
Elk Hills Elementary School District,Tupman,Kern
Elkins Elementary School District,Paskenta,Tehama
Elverta Joint Elementary School District,Elverta,Sacramento
Emery Unified School District,Emeryville,Alameda
Empire Union Elementary School District,Modesto,Stanislaus
Encinitas Union Elementary School District,Encinitas,San Diego
Enterprise Elementary School District,Redding,Shasta
Escalon Unified School District,Escalon,San Joaquin
Escondido Union High School District,Escondido,San Diego
Escondido Union School District,Escondido,San Diego
Esparto Unified School District,Esparto,Yolo
Etiwanda Elementary School District,Etiwanda,San Bernardino
Eureka City Schools School District,Eureka,Humboldt
Eureka Union School District,Granite Bay,Placer
Evergreen Elementary School District,San Jose,Santa Clara
Evergreen Union School District,Cottonwood,Tehama
Exeter Unified School District,Exeter,Tulare
Fairfax Elementary School District,Bakersfield,Kern
Fairfield-Suisun Unified School District,Fairfield,Solano
Fall River Joint Unified School District,Burney,Shasta
Fallbrook Union Elementary School District,Fallbrook,San Diego
Fallbrook Union High School District,Fallbrook,San Diego
Farmersville Unified School District,Farmersville,Tulare
Feather Falls Union Elementary School District,Oroville,Butte
Ferndale Unified School District,Ferndale,Humboldt
Fieldbrook Elementary School District,Mckinleyville,Humboldt
Fillmore Unified School District,Fillmore,Ventura
Firebaugh-Las Deltas Unified School District,Firebaugh,Fresno
Flournoy Union Elementary School District,Flournoy,Tehama
Folsom-Cordova Unified School District,Rancho Cordova,Sacramento
Fontana Unified School District,Fontana,San Bernardino
Foresthill Union Elementary School District,Foresthill,Placer
Forestville Union Elementary School District,Forestville,Sonoma
Forks Of Salmon Elementary School District,Forks Of Salmon,Siskiyou
Fort Bragg Unified School District,Fort Bragg,Mendocino
Fort Ross Elementary School District,Cazadero,Sonoma
Fort Sage Unified School District,Herlong,Lassen
Fortuna Elementary School District,Fortuna,Humboldt
Fortuna Union High School District,Fortuna,Humboldt
Forty-Niner Rop School District,Auburn,Placer
Fountain Valley Elementary School District,Fountain Valley,Orange
Fowler Unified School District,Fowler,Fresno
Franklin Elementary School District,Yuba City,Sutter
Franklin-Mckinley Elementary School District,San Jose,Santa Clara
Fremont Unified School District,Fremont,Alameda
Fremont Union High School District,Sunnyvale,Santa Clara
French Gulch-Whiskeytown Elementary School District,French Gulch,Shasta
Freshwater Elementary School District,Eureka,Humboldt
Fresno County Office Of Education School District,Fresno,Fresno
Fresno Rop School District,Fresno,Fresno
Fresno Unified School District,Fresno,Fresno
Fruitvale Elementary School District,Bakersfield,Kern
Fullerton Elementary School District,Fullerton,Orange
Fullerton Joint Union High School District,Fullerton,Orange
Galt Joint Union Elementary School District,Galt,Sacramento
Galt Joint Union High School District,Galt,Sacramento
Garden Grove Unified School District,Garden Grove,Orange
Garfield Elementary School District,Eureka,Humboldt
Garvey Elementary School District,Rosemead,Los Angeles
Gateway Unified School District,Redding,Shasta
Gazelle Union Elementary School District,Gazelle,Siskiyou
General Shafter Elementary School District,Bakersfield,Kern
Gerber Union Elementary School District,Gerber,Tehama
Geyserville Unified School District,Geyserville,Sonoma
Gilroy Unified School District,Gilroy,Santa Clara
Glendale Unified School District,Glendale,Los Angeles
Glendora Unified School District,Glendora,Los Angeles
Glenn County Office Of Education School District,Willows,Glenn
Glenn County Rop School District,Willows,Glenn
Gold Oak Union Elementary School District,Placerville,El Dorado
Gold Trail Union Elementary School District,Placerville,El Dorado
Golden Feather Union Elementary School District,Oroville,Butte
Golden Plains Unified School District,San Joaquin,Fresno
Golden Valley Unified School District,Madera,Madera
Goleta Union Elementary School District,Goleta,Santa Barbara
Gonzales Unified School District,Gonzales,Monterey
Gorman Joint School District,Gorman,Los Angeles
Grant Elementary School District,Redding,Shasta
Grass Valley Elementary School District,Grass Valley,Nevada
Gratton Elementary School District,Denair,Stanislaus
Gravenstein Union Elementary School District,Sebastopol,Sonoma
Graves Elementary School District,Salinas,Monterey
Green Point Elementary School District,Blue Lake,Humboldt
Greenfield Union Elementary School District,Greenfield,Monterey
Greenfield Union School District,Bakersfield,Kern
Grenada Elementary School District,Grenada,Siskiyou
Gridley Unified School District,Gridley,Butte
Grossmont Union High School District,El Cajon,San Diego
Guadalupe Union Elementary School District,Guadalupe,Santa Barbara
Guerneville Elementary School District,Guerneville,Sonoma
Gustine Unified School District,Gustine,Merced
Hacienda La Puente Unified School District,City Of Industry,Los Angeles
Hamilton Unified School District,Hamilton City,Glenn
Hanford Elementary School District,Hanford,Kings
Hanford Joint Union High School District,Hanford,Kings
Happy Camp Union Elementary School District,Happy Camp,Siskiyou
Happy Valley Elementary School District,Santa Cruz,Santa Cruz
Happy Valley Union Elementary School District,Anderson,Shasta
Harmony Union Elementary School District,Occidental,Sonoma
Hart Rop School District,Santa Clarita,Los Angeles
Hart-Ransom Union Elementary School District,Modesto,Stanislaus
Hawthorne School District,Hawthorne,Los Angeles
Hayward Unified School District,Hayward,Alameda
Healdsburg Unified School District,Healdsburg,Sonoma
Heber Elementary School District,Heber,Imperial
Helendale Elementary School District,Helendale,San Bernardino
Hemet Unified School District,Hemet,Riverside
Hermosa Beach City Elementary School District,Hermosa Beach,Los Angeles
Hesperia Unified School District,Hesperia,San Bernardino
Hickman Community Charter School District,Hickman,Stanislaus
Hillsborough City Elementary School District,Hillsborough,San Mateo
Hilmar Unified School District,Hilmar,Merced
Hollister School District,Hollister,San Benito
Holtville Unified School District,Holtville,Imperial
Hope Elementary School District,Santa Barbara,Santa Barbara
Hope Elementary School District,Porterville,Tulare
Horicon Elementary School District,Annapolis,Sonoma
Hornbrook Elementary School District,Hornbrook,Siskiyou
Hot Springs Elementary School District,California Hot Springs,Tulare
Howell Mountain Elementary School District,Angwin,Napa
Hueneme Elementary School District,Port Hueneme,Ventura
Hughes-Elizabeth Lakes Union Elementary School District,Lake Hughes,Los Angeles
Hughson Unified School District,Hughson,Stanislaus
Humboldt County Office Of Education School District,Eureka,Humboldt
Humboldt County Rop School District,Eureka,Humboldt
Huntington Beach City Elementary School District,Huntington Beach,Orange
Huntington Beach Union High School District,Huntington Beach,Orange
Hydesville Elementary School District,Hydesville,Humboldt
"Igo, Ono, Platina Union Elementary School District",Igo,Shasta
Imperial County Office Of Education School District,El Centro,Imperial
Imperial Unified School District,Imperial,Imperial
Imperial Valley Rop School District,El Centro,Imperial
Indian Diggings Elementary School District,Somerset,El Dorado
Indian Springs Elementary School District,Big Bend,Shasta
Inglewood Unified School District,Inglewood,Los Angeles
Inyo County Office Of Education School District,Independence,Inyo
Irvine Unified School District,Irvine,Orange
Island Union Elementary School District,Lemoore,Kings
Jacoby Creek Elementary School District,Bayside,Humboldt
Jamestown Elementary School District,Jamestown,Tuolumne
Jamul-Dulzura Union Elementary School District,Jamul,San Diego
Janesville Union Elementary School District,Janesville,Lassen
Jefferson Elementary School District,Paicines,San Benito
Jefferson Elementary School District,Tracy,San Joaquin
Jefferson Elementary School District,Daly City,San Mateo
Jefferson Union High School District,Daly City,San Mateo
John Swett Unified School District,Rodeo,Contra Costa
Johnstonville Elementary School District,Susanville,Lassen
Julian Union Elementary School District,Julian,San Diego
Julian Union High School District,Julian,San Diego
Junction City Elementary School District,Junction City,Trinity
Junction Elementary School District,Palo Cedro,Shasta
Junction Elementary School District,Somes Bar,Siskiyou
Jurupa Unified School District,Jurupa Valley,Riverside
Kashia Elementary School District,Stewarts Point,Sonoma
Kelseyville Unified School District,Kelseyville,Lake
Kentfield Elementary School District,Kentfield,Marin
Kenwood  School District,Kenwood,Sonoma
Keppel Union Elementary School District,Pearblossom,Los Angeles
Kerman Unified School District,Kerman,Fresno
Kern County Office Of Education School District,Bakersfield,Kern
Kern County Rop School District,Bakersfield,Kern
Kern High Roc School District,Bakersfield,Kern
Kern Union High School District,Bakersfield,Kern
Kernville Union Elementary School District,Lake Isabella,Kern
Keyes Union School District,Keyes,Stanislaus
King City Union School District,King City,Monterey
Kings Canyon Joint Unified School District,Reedley,Fresno
Kings County Office Of Education School District,Hanford,Kings
Kings County Rop School District,Lemoore,Kings
Kings River Union Elementary School District,Kingsburg,Tulare
Kings River-hardwick Union Elementary School District,Hanford,Kings
Kingsburg Elementary Charter School District,Kingsburg,Fresno
Kingsburg Joint Union High School District,Kingsburg,Fresno
Kirkwood Elementary School District,Corning,Tehama
Kit Carson Union Elementary School District,Hanford,Kings
Klamath River Union Elementary School District,Horse Creek,Siskiyou
Klamath-Trinity Joint Unified School District,Hoopa,Humboldt
Kneeland Elementary School District,Kneeland,Humboldt
Knights Ferry Elementary School District,Knights Ferry,Stanislaus
Knightsen Elementary School District,Knightsen,Contra Costa
Konocti Unified School District,Lower Lake,Lake
La Canada Unified School District,La Canada,Los Angeles
La Habra City Elementary School District,La Habra,Orange
La Honda-Pescadero Unified School District,Pescadero,San Mateo
La Mesa-Spring Valley School District,La Mesa,San Diego
La Puente Valley Rop School District,La Puente,Los Angeles
Lafayette Elementary School District,Lafayette,Contra Costa
Laguna Beach Unified School District,Laguna Beach,Orange
Laguna Joint Elementary School District,Petaluma,Marin
Lagunita Elementary School District,Salinas,Monterey
Lagunitas Elementary School District,San Geronimo,Marin
Lake County Office Of Education School District,Lakeport,Lake
Lake County Rop School District,Lakeport,Lake
Lake Elementary School District,Orland,Glenn
Lake Elsinore Unified School District,Lake Elsinore,Riverside
Lake Tahoe Unified School District,South Lake Tahoe,El Dorado
Lakeport Unified School District,Lakeport,Lake
Lakeside Joint School District,Los Gatos,Santa Clara
Lakeside Union Elementary School District,Hanford,Kings
Lakeside Union Elementary School District,Lakeside,San Diego
Lakeside Union School District,Bakersfield,Kern
Lammersville Joint Unified School District,Mountain House,San Joaquin
Lamont Elementary School District,Lamont,Kern
Lancaster Elementary School District,Lancaster,Los Angeles
Larkspur-Corte Madera School District,Larkspur,Marin
Las Lomitas Elementary School District,Menlo Park,San Mateo
Las Virgenes Unified School District,Calabasas,Los Angeles
Lassen County Office Of Education School District,Susanville,Lassen
Lassen Rop School District,Susanville,Lassen
Lassen Union High School District,Susanville,Lassen
Lassen View Union Elementary School District,Los Molinos,Tehama
Laton Joint Unified School District,Laton,Fresno
Latrobe School District,Shingle Springs,El Dorado
Lawndale Elementary School District,Lawndale,Los Angeles
Laytonville Unified School District,Laytonville,Mendocino
Le Grand Union Elementary School District,Le Grand,Merced
Le Grand Union High School District,Le Grand,Merced
Leggett Valley Unified School District,Leggett,Mendocino
Lemon Grove School District,Lemon Grove,San Diego
Lemoore Union Elementary School District,Lemoore,Kings
Lemoore Union High School District,Lemoore,Kings
Lennox School District,Lennox,Los Angeles
Lewiston Elementary School District,Lewiston,Trinity
Liberty Elementary School District,Petaluma,Sonoma
Liberty Elementary School District,Tulare,Tulare
Liberty Union High School District,Brentwood,Contra Costa
Lincoln Elementary School District,Petaluma,Marin
Lincoln Unified School District,Stockton,San Joaquin
Linden Unified School District,Linden,San Joaquin
Lindsay Unified School District,Lindsay,Tulare
Linns Valley-Poso Flat Union School District,Glennville,Kern
Little Lake City Elementary School District,Santa Fe Springs,Los Angeles
Little Shasta Elementary School District,Montague,Siskiyou
Live Oak Elementary School District,Santa Cruz,Santa Cruz
Live Oak Unified School District,Live Oak,Sutter
Livermore Valley Joint Unified School District,Livermore,Alameda
Livingston Union School District,Livingston,Merced
Lodi Unified School District,Lodi,San Joaquin
Loleta Union Elementary School District,Loleta,Humboldt
Loma Prieta Joint Union Elementary School District,Los Gatos,Santa Clara
Lompoc Unified School District,Lompoc,Santa Barbara
Lone Pine Unified School District,Lone Pine,Inyo
Long Beach Unified Rop School District,Long Beach,Los Angeles
Long Beach Unified School District,Long Beach,Los Angeles
Loomis Union Elementary School District,Loomis,Placer
Los Alamitos Unified School District,Los Alamitos,Orange
Los Altos Elementary School District,Los Altos,Santa Clara
Los Angeles County Office Of Education School District,Downey,Los Angeles
Los Angeles County Rop School District,Downey,Los Angeles
Los Angeles Unified Rocp School District,Los Angeles,Los Angeles
Los Angeles Unified School District,Los Angeles,Los Angeles
Los Banos Unified School District,Los Banos,Merced
Los Gatos Union Elementary School District,Los Gatos,Santa Clara
Los Gatos-Saratoga Joint Union High School District,Los Gatos,Santa Clara
Los Molinos Unified School District,Los Molinos,Tehama
Los Nietos School District,Whittier,Los Angeles
Los Olivos Elementary School District,Los Olivos,Santa Barbara
Lost Hills Union Elementary School District,Lost Hills,Kern
Lowell Joint School District,Whittier,Los Angeles
Lucerne Elementary School District,Lucerne,Lake
Lucerne Valley Unified School District,Lucerne Valley,San Bernardino
Lucia Mar Unified School District,Arroyo Grande,San Luis Obispo
Luther Burbank School District,San Jose,Santa Clara
Lynwood Unified School District,Lynwood,Los Angeles
Madera County Superintendent Of Schools School District,Madera,Madera
Madera Unified School District,Madera,Madera
Magnolia Elementary School District,Anaheim,Orange
Magnolia Union Elementary School District,Brawley,Imperial
Mammoth Unified School District,Mammoth Lakes,Mono
Manchester Union Elementary School District,Manchester,Mendocino
Manhattan Beach Unified School District,Manhattan Beach,Los Angeles
Manteca Unified School District,Manteca,San Joaquin
Manzanita Elementary School District,Gridley,Butte
Maple Creek Elementary School District,Korbel,Humboldt
Maple Elementary School District,Shafter,Kern
Marcum-Illinois Union Elementary School District,East Nicolaus,Sutter
Maricopa Unified School District,Maricopa,Kern
Marin County Office Of Education School District,San Rafael,Marin
Marin County Rop School District,San Rafael,Marin
Mariposa County Office Of Education School District,Mariposa,Mariposa
Mariposa County Unified School District,Mariposa,Mariposa
Mark Twain Union Elementary School District,Angels Camp,Calaveras
Mark West Union Elementary School District,Santa Rosa,Sonoma
Martinez Unified School District,Martinez,Contra Costa
Marysville Joint Unified School District,Marysville,Yuba
Mattole Unified School District,Petrolia,Humboldt
Maxwell Unified School District,Maxwell,Colusa
Mccabe Union Elementary School District,El Centro,Imperial
Mccloud Union Elementary School District,Mccloud,Siskiyou
Mcfarland Unified School District,Mcfarland,Kern
Mckinleyville Union Elementary School District,Mckinleyville,Humboldt
Mckittrick Elementary School District,Mckittrick,Kern
Mcswain Union Elementary School District,Merced,Merced
Meadows Union Elementary School District,El Centro,Imperial
Mendocino County Office Of Education School District,Ukiah,Mendocino
Mendocino County Roc Rop School District,Ukiah,Mendocino
Mendocino Unified School District,Mendocino,Mendocino
Mendota Unified School District,Mendota,Fresno
Menifee Union Elementary School District,Menifee,Riverside
Menlo Park City Elementary School District,Atherton,San Mateo
Merced City Elementary School District,Merced,Merced
Merced County Office Of Education School District,Merced,Merced
Merced County Rop School District,Merced,Merced
Merced River Union Elementary School District,Winton,Merced
Merced Union High School District,Atwater,Merced
Meridian Elementary School District,Meridian,Sutter
Mesa Union Elementary School District,Somis,Ventura
Metro Education School District,San Jose,Santa Clara
Middletown Unified School District,Middletown,Lake
Midway Elementary School District,Fellows,Kern
Mill Valley Elementary School District,Mill Valley,Marin
Millbrae Elementary School District,Millbrae,San Mateo
Millville Elementary School District,Millville,Shasta
Milpitas Unified School District,Milpitas,Santa Clara
Mission Trails Rop School District,Salinas,Monterey
Mission Union Elementary School District,Soledad,Monterey
Mission Valley Roc P School District,Fremont,Alameda
Modesto City Elementary School District,Modesto,Stanislaus
Modesto City High School District,Modesto,Stanislaus
Modoc County Office Of Education School District,Alturas,Modoc
Modoc County Rop School District,Alturas,Modoc
Modoc Joint Unified School District,Alturas,Modoc
Mojave Unified,Mojave,Kern
Mono County Office Of Education School District,Bridgeport,Mono
Mono County Roc P School District,Bridgeport,Mono
Monroe Elementary School District,Fresno,Fresno
Monrovia Unified School District,Monrovia,Los Angeles
Monson-Sultana Joint Union Elementary School District,Dinuba,Tulare
Montague Elementary School District,Montague,Siskiyou
Monte Rio Union Elementary School District,Monte Rio,Sonoma
Montebello Unified School District,Montebello,Los Angeles
Montecito Union Elementary School District,Santa Barbara,Santa Barbara
Monterey County Office Of Education School District,Salinas,Monterey
Monterey Peninsula Unified School District,Monterey,Monterey
Montgomery Elementary School District,Cazadero,Sonoma
Moorpark Unified School District,Moorpark,Ventura
Moraga Elementary School District,Moraga,Contra Costa
Moreland School District,San Jose,Santa Clara
Moreno Valley Unified School District,Moreno Valley,Riverside
Morgan Hill Unified School District,Morgan Hill,Santa Clara
Morongo Unified School District,Twentynine Palms,San Bernardino
Mother Lode Union Elementary School District,Placerville,El Dorado
Mount Pleasant Elementary School District,San Jose,Santa Clara
Mountain Elementary School District,Soquel,Santa Cruz
Mountain Empire Unified School District,Pine Valley,San Diego
Mountain House Elementary School District,Byron,Alameda
Mountain Union Elementary School District,Montgomery Creek,Shasta
Mountain Valley Unified School District,Hayfork,Trinity
Mountain View Elementary School District,El Monte,Los Angeles
Mountain View Elementary School District,Ontario,San Bernardino
Mountain View Whisman  School District,Mountain View,Santa Clara
Mountain View-Los Altos Union High School District,Mountain View,Santa Clara
Mt. Baldy Joint Elementary School District,Mount Baldy,San Bernardino
Mt. Diablo Unified School District,Concord,Contra Costa
Mt. Shasta Union Elementary School District,Mount Shasta,Siskiyou
Mulberry Elementary School District,Brawley,Imperial
Mupu Elementary School District,Santa Paula,Ventura
Muroc Joint Unified School District,North Edwards,Kern
Murrieta Valley Unified School District,Murrieta,Riverside
Napa County Office Of Education School District,Napa,Napa
Napa County Rop School District,Napa,Napa
Napa Valley Unified School District,Napa,Napa
National Elementary School District,National City,San Diego
Natomas Unified School District,Sacramento,Sacramento
Needles Unified School District,Needles,San Bernardino
Nevada City Elementary School District,Nevada City,Nevada
Nevada County Office Of Education School District,Grass Valley,Nevada
Nevada Joint Union High School District,Grass Valley,Nevada
New Haven Unified School District,Union City,Alameda
New Hope Elementary School District,Thornton,San Joaquin
New Jerusalem Elementary School District,Tracy,San Joaquin
Newark Unified School District,Newark,Alameda
Newcastle Elementary School District,Newcastle,Placer
Newhall School District,Valencia,Los Angeles
Newman-Crows Landing Unified School District,Newman,Stanislaus
Newport-Mesa Unified School District,Costa Mesa,Orange
Nicasio School District,Nicasio,Marin
Noli School,San Jacinto,Riverside
Norris Elementary School District,Bakersfield,Kern
North County Joint Union Elementary School District,Hollister,San Benito
North County Regional Occupational Center Program (Roc P) School District,Sunnyvale,Santa Clara
North Cow Creek Elementary School District,Palo Cedro,Shasta
North Kern Vocational Training Center School District,Wasco,Kern
North Monterey County Unified School District,Moss Landing,Monterey
North Orange County Rop-Adult School District,Anaheim,Orange
Northern Humboldt Union High School District,Mckinleyville,Humboldt
Norwalk-La Mirada Unified School District,Norwalk,Los Angeles
Novato Unified School District,Novato,Marin
Nuestro Elementary School District,Live Oak,Sutter
Nuview Union  School District,Nuevo,Riverside
Oak Grove Elementary School District,San Jose,Santa Clara
Oak Grove Union Elementary School District,Santa Rosa,Sonoma
Oak Park Unified School District,Oak Park,Ventura
Oak Run Elementary School District,Oak Run,Shasta
Oak Valley Union Elementary School District,Tulare,Tulare
Oak View Union Elementary School District,Acampo,San Joaquin
Oakdale Joint Unified School District,Oakdale,Stanislaus
Oakland Unified School District,Oakland,Alameda
Oakley Union Elementary School District,Oakley,Contra Costa
Ocean View School District,Huntington Beach,Orange
Ocean View School District,Oxnard,Ventura
Oceanside Unified School District,Oceanside,San Diego
Ojai Unified School District,Ojai,Ventura
Old Adobe Union School District,Petaluma,Sonoma
Ontario-Montclair School District,Ontario,San Bernardino
Orange Center School District,Fresno,Fresno
Orange County Department Of Education School District,Costa Mesa,Orange
Orange Unified School District,Orange,Orange
Orchard Elementary School District,San Jose,Santa Clara
Orcutt Union Elementary School District,Orcutt,Santa Barbara
Orick Elementary School District,Orick,Humboldt
Orinda Union Elementary School District,Orinda,Contra Costa
Orland Joint Unified School District,Orland,Glenn
Oro Grande Elementary School District,Oro Grande,San Bernardino
Oroville City Elementary School District,Oroville,Butte
Oroville Union High School District,Oroville,Butte
Outside Creek Elementary School District,Visalia,Tulare
Owens Valley Unified School District,Independence,Inyo
Oxnard School District,Oxnard,Ventura
Oxnard Union High School District,Oxnard,Ventura
Pacheco Union Elementary School District,Redding,Shasta
Pacific Elementary School District,Davenport,Santa Cruz
Pacific Grove Unified School District,Pacific Grove,Monterey
Pacific Union Elementary School District,Fresno,Fresno
Pacific Union Elementary School District,Arcata,Humboldt
Pacifica School District,Pacifica,San Mateo
Pajaro Valley Unified School District,Watsonville,Santa Cruz
Palermo Union Elementary School District,Palermo,Butte
Palm Springs Unified School District,Palm Springs,Riverside
Palmdale Elementary School District,Palmdale,Los Angeles
Palo Alto Unified School District,Palo Alto,Santa Clara
Palo Verde Unified School District,Blythe,Riverside
Palo Verde Union Elementary School District,Tulare,Tulare
Palos Verdes Peninsula Unified School District,Palos Verdes Estates,Los Angeles
Panama-Buena Vista Union School District,Bakersfield,Kern
Panoche Elementary School District,Paicines,San Benito
Paradise Elementary School District,Modesto,Stanislaus
Paradise Unified School District,Paradise,Butte
Paramount Unified School District,Paramount,Los Angeles
Parlier Unified School District,Parlier,Fresno
Pasadena Unified School District,Pasadena,Los Angeles
Paso Robles Joint Unified School District,Paso Robles,San Luis Obispo
Patterson Joint Unified School District,Patterson,Stanislaus
Peninsula Union  School District,Samoa,Humboldt
Penn Valley Union Elementary School District,Penn Valley,Nevada
Perris Elementary School District,Perris,Riverside
Perris Union High School District,Perris,Riverside
Petaluma City Elementary School District,Petaluma,Sonoma
Petaluma Joint Union High School District,Petaluma,Sonoma
Piedmont City Unified School District,Piedmont,Alameda
Pierce Joint Unified School District,Arbuckle,Colusa
Pine Ridge Elementary School District,Auberry,Fresno
Piner-Olivet Union Elementary School District,Santa Rosa,Sonoma
Pioneer Union Elementary School District,Berry Creek,Butte
Pioneer Union Elementary School District,Somerset,El Dorado
Pioneer Union Elementary School District,Hanford,Kings
Pittsburg Unified School District,Pittsburg,Contra Costa
Pixley Union Elementary School District,Pixley,Tulare
Placentia-Yorba Linda Unified School District,Placentia,Orange
Placer County Office Of Education School District,Auburn,Placer
Placer Hills Union Elementary School District,Meadow Vista,Placer
Placer Union High School District,Auburn,Placer
Placerville Union Elementary School District,Placerville,El Dorado
Plainsburg Union Elementary School District,Merced,Merced
Planada Elementary School District,Planada,Merced
Plaza Elementary School District,Orland,Glenn
Pleasant Grove Joint Union School District,Pleasant Grove,Sutter
Pleasant Ridge Union Elementary School District,Grass Valley,Nevada
Pleasant Valley Joint Union Elementary School District,San Miguel,San Luis Obispo
Pleasant Valley School District,Camarillo,Ventura
Pleasant View Elementary School District,Porterville,Tulare
Pleasanton Unified School District,Pleasanton,Alameda
Plumas County Office Of Education School District,Quincy,Plumas
Plumas County Rop School District,Quincy,Plumas
Plumas Lake Elementary School District,Plumas Lake,Yuba
Plumas Unified School District,Quincy,Plumas
Point Arena Joint Union High School District,Point Arena,Mendocino
Pollock Pines Elementary School District,Pollock Pines,El Dorado
Pomona Unified School District,Pomona,Los Angeles
Pond Union Elementary School District,Pond,Kern
Pope Valley Union Elementary School District,Pope Valley,Napa
Porterville Unified School District,Porterville,Tulare
Portola Valley Elementary School District,Portola Valley,San Mateo
Potter Valley Community Unified School District,Potter Valley,Mendocino
Poway Unified School District,San Diego,San Diego
Princeton Joint Unified School District,Princeton,Glenn
Raisin City Elementary School District,Raisin City,Fresno
Ramona City Unified School District,Ramona,San Diego
Rancho Santa Fe Elementary School District,Rancho Santa Fe,San Diego
Ravendale-Termo Elementary School District,Termo,Lassen
Ravenswood City Elementary School District,East Palo Alto,San Mateo
Raymond-Knowles Union Elementary School District,Raymond,Madera
Red Bluff Joint Union High School District,Red Bluff,Tehama
Red Bluff Union Elementary School District,Red Bluff,Tehama
Redding Elementary School District,Redding,Shasta
Redlands Unified School District,Redlands,San Bernardino
Redondo Beach Unified School District,Redondo Beach,Los Angeles
Redwood City Elementary School District,Redwood City,San Mateo
Reed Union Elementary School District,Tiburon,Marin
Reeds Creek Elementary School District,Red Bluff,Tehama
Reef-sunset Unified School District,Avenal,Kings
Rescue Union Elementary School District,Rescue,El Dorado
Rialto Unified School District,Rialto,San Bernardino
Richfield Elementary School District,Corning,Tehama
Richgrove Elementary School District,Richgrove,Tulare
Richland Union Elementary School District,Shafter,Kern
Richmond Elementary School District,Susanville,Lassen
Rim Of The World Unified School District,Blue Jay,San Bernardino
Rincon Valley Union Elementary School District,Santa Rosa,Sonoma
Rio Bravo-greeley Union Elementary School District,Bakersfield,Kern
Rio Dell Elementary School District,Rio Dell,Humboldt
Rio Elementary School District,Oxnard,Ventura
Ripon Unified School District,Ripon,San Joaquin
River Delta Joint Unified School District,Rio Vista,Sacramento
Riverbank Unified School District,Riverbank,Stanislaus
Riverdale Joint Unified School District,Riverdale,Fresno
Riverside County Office Of Education Rop School District,Riverside,Riverside
Riverside County Office Of Education School District,Riverside,Riverside
Riverside Unified School District,Riverside,Riverside
Roberts Ferry Union Elementary School District,Waterford,Stanislaus
Robla Elementary School District,Sacramento,Sacramento
Rockford Elementary School District,Porterville,Tulare
Rocklin Unified School District,Rocklin,Placer
Romoland Elementary School District,Homeland,Riverside
Rosedale Union Elementary School District,Bakersfield,Kern
Roseland School District,Santa Rosa,Sonoma
Rosemead Elementary School District,Rosemead,Los Angeles
Roseville City Elementary School District,Roseville,Placer
Roseville Joint Union High School District,Roseville,Placer
Ross Elementary School District,Ross,Marin
Ross Valley Elementary School District,San Anselmo,Marin
Round Valley Joint Elementary School District,Bishop,Inyo
Round Valley Unified School District,Covelo,Mendocino
Rowland Unified School District,Rowland Heights,Los Angeles
Sacramento City Unified School District,Sacramento,Sacramento
Sacramento County Office Of Education School District,Mather,Sacramento
Sacramento County Rop School District,Mather,Sacramento
Saddleback Valley Unified School District,Mission Viejo,Orange
Saint Helena Unified School District,Saint Helena,Napa
Salida Union Elementary School District,Salida,Stanislaus
Salinas City Elementary School District,Salinas,Monterey
Salinas Union High School District,Salinas,Monterey
San Antonio Rop School District,Pomona,Los Angeles
San Antonio Union Elementary School District,Lockwood,Monterey
San Ardo Union Elementary School District,San Ardo,Monterey
San Benito County Office Of Education School District,Hollister,San Benito
San Benito High School District,Hollister,San Benito
San Bernardino City Unified School District,San Bernardino,San Bernardino
San Bernardino County Office Of Education School District,San Bernardino,San Bernardino
San Bernardino County Rop School District,San Bernardino,San Bernardino
San Bruno Park Elementary School District,San Bruno,San Mateo
San Carlos Elementary School District,San Carlos,San Mateo
San Diego Community College School District,San Diego,San Diego
San Diego County Office Of Education School District,San Diego,San Diego
San Diego County Rop School District,San Diego,San Diego
San Diego Unified School District,San Diego,San Diego
San Dieguito Union High School District,Encinitas,San Diego
San Francisco County Office Of Education School District,San Francisco,San Francisco
San Francisco County Rop School District,San Francisco,San Francisco
San Francisco Unified School District,San Francisco,San Francisco
San Gabriel Unified School District,San Gabriel,Los Angeles
San Jacinto Unified School District,San Jacinto,Riverside
San Joaquin County Office Of Education School District,Stockton,San Joaquin
San Joaquin County Rop School District,Stockton,San Joaquin
San Jose Unified School District,San Jose,Santa Clara
San Juan Unified School District,Carmichael,Sacramento
San Leandro Unified School District,San Leandro,Alameda
San Lorenzo Unified School District,San Lorenzo,Alameda
San Lorenzo Valley Unified School District,Ben Lomond,Santa Cruz
San Lucas Union Elementary School District,San Lucas,Monterey
San Luis Coastal Unified School District,San Luis Obispo,San Luis Obispo
San Luis Obispo County Office Of Education School District,San Luis Obispo,San Luis Obispo
San Marcos Unified School District,San Marcos,San Diego
San Marino Unified School District,San Marino,Los Angeles
San Mateo County Office Of Education School District,Redwood City,San Mateo
San Mateo County Rop School District,Redwood City,San Mateo
San Mateo Union High School District,San Mateo,San Mateo
San Mateo-Foster City School District,Foster City,San Mateo
San Miguel Joint Union School District,San Miguel,San Luis Obispo
San Pasqual Union Elementary School District,Escondido,San Diego
San Pasqual Valley Unified School District,Winterhaven,Imperial
San Rafael City Elementary School District,San Rafael,Marin
San Rafael City High School District,San Rafael,Marin
San Ramon Valley Unified School District,Danville,Contra Costa
San Ysidro Elementary School District,San Ysidro,San Diego
Sanger Unified School District,Sanger,Fresno
Santa Ana Unified School District,Santa Ana,Orange
Santa Barbara County Office Of Education School District,Santa Barbara,Santa Barbara
Santa Barbara County Rop School District,Santa Barbara,Santa Barbara
Santa Barbara Unified School District,Santa Barbara,Santa Barbara
Santa Clara County Office Of Education School District,San Jose,Santa Clara
Santa Clara County Rop School District,Sunnyvale,Santa Clara
Santa Clara Elementary School District,Santa Paula,Ventura
Santa Clara Unified School District,Santa Clara,Santa Clara
Santa Cruz City Elementary School District,Soquel,Santa Cruz
Santa Cruz City High School District,Soquel,Santa Cruz
Santa Cruz County Office Of Education School District,Santa Cruz,Santa Cruz
Santa Cruz County Rop School District,Santa Cruz,Santa Cruz
Santa Maria Joint Union High School District,Santa Maria,Santa Barbara
Santa Maria-Bonita School District,Santa Maria,Santa Barbara
Santa Monica-Malibu Unified School District,Santa Monica,Los Angeles
Santa Paula Unified School District,Santa Paula,Ventura
Santa Rita Union Elementary School District,Salinas,Monterey
Santa Rosa Elementary School District,Santa Rosa,Sonoma
Santa Rosa High School District,Santa Rosa,Sonoma
Santa Ynez Valley Union High School District,Santa Ynez,Santa Barbara
Santee School District,Santee,San Diego
Saratoga Union Elementary School District,Saratoga,Santa Clara
Saucelito Elementary School District,Terra Bella,Tulare
Saugus Union School District,Santa Clarita,Los Angeles
Sausalito Marin City School District,Sausalito,Marin
Savanna Elementary School District,Anaheim,Orange
Sbc - High Technical High School District,San Diego,San Diego
Sbe - Academia Avance Charter School District,Los Angeles,Los Angeles
Sbe - Anahuacalmecac International University Preparatory Of North America School District,Los Angeles,Los Angeles
Sbe - Audeo Charter II,Carlsbad,San Diego
Sbe - Barack Obama Charter School District,Los Angeles,Los Angeles
Sbe - Baypoint Preparatory Academy School District,Hemet,Riverside
Sbe - Celerity Himalia School District,Los Angeles,Los Angeles
Sbe - Celerity Rolas School District,Los Angeles,Los Angeles
Sbe - Grossmont Secondary School District,El Cajon,San Diego
Sbe - Magnolia Science Academy Santa Ana School District,Santa Ana,Orange
Sbe - New West Charter School District,Los Angeles,Los Angeles
Sbe - Olive Grove Charter School District,New Cuyama,Santa Barbara
Sbe - Onepurpose School District,San Francisco,San Francisco
Sbe - Perseverance Preparatory School District,San Jose,Santa Clara
Sbe - Prepa Tec Los Angeles High School District,Bell,Los Angeles
Sbe - Ridgecrest Charter School District,Ridgecrest,Kern
Sbe - Rocketship Futuro Academy School District,Concord,Contra Costa
Sbe - Ross Valley Elementary School District,Fairfax,Marin
Sbe - Sweetwater Secondary School District,Chula Vista,San Diego
Sbe - The New School Of San Francisco School District,San Francisco,San Francisco
Sbe - The School Of Arts And Enterprise School District,Pomona,Los Angeles
Sbe - Thrive Public School District,San Diego,San Diego
Scotia Union Elementary School District,Scotia,Humboldt
Scott Valley Unified School District,Fort Jones,Siskiyou
Scotts Valley Unified School District,Scotts Valley,Santa Cruz
Sebastopol Union Elementary School District,Sebastopol,Sonoma
Seeley Union Elementary School District,Seeley,Imperial
Seiad Elementary School District,Seiad Valley,Siskiyou
Selma Unified School District,Selma,Fresno
Semitropic Elementary School District,Wasco,Kern
Sequoia Union Elementary School District,Lemon Cove,Tulare
Sequoia Union High School District,Redwood City,San Mateo
Shaffer Union Elementary School District,Litchfield,Lassen
Shandon Joint Unified School District,Shandon,San Luis Obispo
Shasta County Office Of Education School District,Redding,Shasta
Shasta Union Elementary School District,Shasta,Shasta
Shasta Union High School District,Redding,Shasta
Shasta-Trinity Rop School District,Redding,Shasta
Sherman Indian High School,Riverside,Riverside
Shiloh Elementary School District,Modesto,Stanislaus
Shoreline Unified School District,Tomales,Marin
Sierra County Office Of Education School District,Loyalton,Sierra
Sierra Sands Unified School District,Ridgecrest,Kern
Sierra Unified School District,Prather,Fresno
Sierra-Plumas Joint Unified School District,Loyalton,Sierra
Silver Fork Elementary School District,Pollock Pines,El Dorado
Silver Valley Unified School District,Yermo,San Bernardino
Simi Valley Unified School District,Simi Valley,Ventura
Siskiyou County Office Of Education School District,Yreka,Siskiyou
Siskiyou Rop School District,Yreka,Siskiyou
Siskiyou Union High School District,Mount Shasta,Siskiyou
Snelling-Merced Falls Union Elementary School District,Snelling,Merced
Snowline Joint Unified School District,Phelan,San Bernardino
Solana Beach Elementary School District,Solana Beach,San Diego
Solano County Office Of Education School District,Fairfield,Solano
Soledad Unified School District,Soledad,Monterey
Solvang Elementary School District,Solvang,Santa Barbara
Somis Union School District,Somis,Ventura
Sonoma County Office Of Education School District,Santa Rosa,Sonoma
Sonoma County Rop School District,Santa Rosa,Sonoma
Sonoma Valley Unified School District,Sonoma,Sonoma
Sonora Elementary School District,Sonora,Tuolumne
Sonora Union High School District,Sonora,Tuolumne
Soquel Union Elementary School District,Capitola,Santa Cruz
Soulsbyville Elementary School District,Soulsbyville,Tuolumne
South Bay Union Elementary School District,Eureka,Humboldt
South Bay Union School District,Imperial Beach,San Diego
South Fork Union School District,Weldon,Kern
South Monterey County Joint Union High School District,King City,Monterey
South Pasadena Unified School District,South Pasadena,Los Angeles
South San Francisco Unified School District,South San Francisco,San Mateo
South Whittier Elementary School District,Whittier,Los Angeles
Southern California Roc School District,Torrance,Los Angeles
Southern Humboldt Joint Unified School District,Miranda,Humboldt
Southern Kern Unified School District,Rosamond,Kern
Southern Trinity Joint Unified School District,Bridgeville,Trinity
Southside Elementary School District,Hollister,San Benito
Spencer Valley Elementary School District,Santa Ysabel,San Diego
Spreckels Union Elementary School District,Spreckels,Monterey
Springville Union Elementary School District,Springville,Tulare
Standard Elementary School District,Bakersfield,Kern
Stanislaus County Office Of Education School District,Modesto,Stanislaus
Stanislaus Union Elementary School District,Modesto,Stanislaus
Stockton Unified School District,Stockton,San Joaquin
Stone Corral Elementary School District,Visalia,Tulare
Stony Creek Joint Unified School District,Elk Creek,Glenn
Strathmore Union Elementary School District,Strathmore,Tulare
Sulphur Springs Union School District,Canyon Country,Los Angeles
Summerville Elementary School District,Tuolumne,Tuolumne
Summerville Union High School District,Tuolumne,Tuolumne
Sundale Union Elementary School District,Tulare,Tulare
Sunnyside Union Elementary School District,Strathmore,Tulare
Sunnyvale School District,Sunnyvale,Santa Clara
Sunol Glen Unified School District,Sunol,Alameda
Surprise Valley Joint Unified School District,Cedarville,Modoc
Susanville Elementary School District,Susanville,Lassen
Sutter County Office Of Education School District,Yuba City,Sutter
Sutter Union High School District,Sutter,Sutter
Sweetwater Union High School District,Chula Vista,San Diego
Sylvan Union Elementary School District,Modesto,Stanislaus
Taft City School District,Taft,Kern
Taft Union High School District,Taft,Kern
Tahoe-Truckee Unified School District,Truckee,Placer
Tamalpais Union High School District,Larkspur,Marin
Tehachapi Unified School District,Tehachapi,Kern
Tehama County Department Of Education School District,Red Bluff,Tehama
Tehama County Rop School District,Red Bluff,Tehama
Temecula Valley Unified School District,Temecula,Riverside
Temple City Unified School District,Temple City,Los Angeles
Templeton Unified School District,Templeton,San Luis Obispo
Terra Bella Union Elementary School District,Terra Bella,Tulare
Thermalito Union Elementary School District,Oroville,Butte
Three Rivers Union Elementary School District,Three Rivers,Tulare
Tipton Elementary School District,Tipton,Tulare
Torrance Unified School District,Torrance,Los Angeles
Tracy Joint Unified School District,Tracy,San Joaquin
Traver Joint Elementary School District,Traver,Tulare
Travis Unified School District,Fairfield,Solano
Tres Pinos Union Elementary School District,Tres Pinos,San Benito
Tri-Cities Rop School District,Whittier,Los Angeles
Tri-County Rop School District,Yuba City,Sutter
Tri-Valley Rop School District,Livermore,Alameda
Trinidad Union Elementary School District,Trinidad,Humboldt
Trinity Alps Unified School District,Weaverville,Trinity
Trinity Center Elementary School District,Trinity Center,Trinity
Trinity County Office Of Education School District,Weaverville,Trinity
Trona Joint Unified School District,Trona,San Bernardino
Tulare City School District,Tulare,Tulare
Tulare County Office Of Education School District,Visalia,Tulare
Tulare Joint Union High School District,Tulare,Tulare
Tulelake Basin Joint Unified School District,Tulelake,Modoc
Tuolumne County Superintendent Of Schools School District,Sonora,Tuolumne
Turlock Unified School District,Turlock,Stanislaus
Tustin Unified School District,Tustin,Orange
Twain Harte School District,Twain Harte,Tuolumne
Twin Hills Union Elementary School District,Sebastopol,Sonoma
Twin Ridges Elementary School District,Nevada City,Nevada
Twin Rivers Unified School District,Mcclellan,Sacramento
Two Rock Union School District,Petaluma,Sonoma
Ukiah Unified School District,Ukiah,Mendocino
Union Elementary School District,San Jose,Santa Clara
Union Hill Elementary School District,Grass Valley,Nevada
Upland Unified School District,Upland,San Bernardino
Upper Lake Unified,Upper Lake,Lake
Vacaville Unified School District,Vacaville,Solano
Val Verde Unified School District,Perris,Riverside
Valle Lindo Elementary School District,South El Monte,Los Angeles
Vallecito Union School District,Avery,Calaveras
Vallecitos Elementary School District,Rainbow,San Diego
Vallejo City Unified School District,Vallejo,Solano
Valley Center-Pauma Unified School District,Valley Center,San Diego
Valley Home Joint Elementary School District,Valley Home,Stanislaus
Valley Rop School District,Sanger,Fresno
Ventura County Office Of Education School District,Camarillo,Ventura
Ventura County Rop School District,Camarillo,Ventura
Ventura Unified School District,Ventura,Ventura
Victor Elementary School District,Victorville,San Bernardino
Victor Valley Union High School District,Victorville,San Bernardino
Vineland Elementary School District,Bakersfield,Kern
Visalia Unified School District,Visalia,Tulare
Vista Del Mar Union School District,Gaviota,Santa Barbara
Vista Unified School District,Vista,San Diego
Walnut Creek Elementary School District,Walnut Creek,Contra Costa
Walnut Valley Unified School District,Walnut,Los Angeles
Warner Unified School District,Warner Springs,San Diego
Wasco Union Elementary School District,Wasco,Kern
Wasco Union High School District,Wasco,Kern
Washington Colony Elementary School District,Fresno,Fresno
Washington Unified School District,West Sacramento,Yolo
Washington Unified School District,Fresno,Fresno
Washington Union Elementary School District,Salinas,Monterey
Waterford Unified School District,Waterford,Stanislaus
Waugh Elementary School District,Petaluma,Sonoma
Waukena Joint Union Elementary School District,Tulare,Tulare
Weaver Union School District,Merced,Merced
Weed Union Elementary School District,Weed,Siskiyou
West Contra Costa Unified School District,Richmond,Contra Costa
West Covina Unified School District,West Covina,Los Angeles
West Park Elementary School District,Fresno,Fresno
West Side Union Elementary School District,Healdsburg,Sonoma
West Sonoma County Union High School District,Sebastopol,Sonoma
Western Placer Unified School District,Lincoln,Placer
Westminster Elementary School District,Westminster,Orange
Westmorland Union Elementary School District,Westmorland,Imperial
Westside Elementary School District,Five Points,Fresno
Westside Union Elementary School District,Quartz Hill,Los Angeles
Westwood Unified School District,Westwood,Lassen
Wheatland School District,Wheatland,Yuba
Wheatland Union High School District,Wheatland,Yuba
Whitmore Union Elementary School District,Whitmore,Shasta
Whittier City Elementary School District,Whittier,Los Angeles
Whittier Union High School District,Whittier,Los Angeles
William (R) Rouse Rop School District,Loyalton,Sierra
William S. Hart Union High School District,Santa Clarita,Los Angeles
Williams Unified School District,Williams,Colusa
Willits Unified School District,Willits,Mendocino
Willow Creek Elementary School District,Montague,Siskiyou
Willow Grove Union Elementary School District,Paicines,San Benito
Willows Unified School District,Willows,Glenn
Wilmar Union Elementary School District,Petaluma,Sonoma
Wilsona Elementary School District,Palmdale,Los Angeles
Windsor Unified School District,Windsor,Sonoma
Winship-Robbins School District,Meridian,Sutter
Winters Joint Unified School District,Winters,Yolo
Winton School District,Winton,Merced
Wiseburn Unified School District,El Segundo,Los Angeles
Woodlake Unified School District,Woodlake,Tulare
Woodland Joint Unified School District,Woodland,Yolo
Woodside Elementary School District,Woodside,San Mateo
Woodville Union Elementary School District,Porterville,Tulare
Wright Elementary School District,Santa Rosa,Sonoma
Yolo County Office Of Education School District,Woodland,Yolo
Yolo County Rop School District,Woodland,Yolo
Yosemite Rop School District,Modesto,Stanislaus
Yosemite Unified School District,Oakhurst,Madera
Yreka Union Elementary School District,Yreka,Siskiyou
Yreka Union High School District,Yreka,Siskiyou
Yuba City Unified School District,Yuba City,Sutter
Yuba County Office Of Education School District,Marysville,Yuba
Yucaipa-Calimesa Joint Unified School District,Yucaipa,San Bernardino
